id,project_name,category,county,location,period,company,layer,main_benefit,source_url
12025014,布袋廢曬鹽田水鳥樂園的轉型之路,生物多樣性-其他,嘉義縣,嘉義縣 布袋鎮,2026/09/01 起 至2027/12/31 止,明泰科技股份有限公司,3;4,nature;social,https://esg.forest.gov.tw/ForestESG/Report/Showcase?NobjID=12025014
12026001,檳林轉型-新森盎然行動,造林,臺中市,臺中市 新社區,2026/05/01 起 至2029/04/30 止,台灣積體電路製造股份有限公司,2待查;3;4,carbon;nature;social,https://esg.forest.gov.tw/ForestESG/Report/Showcase?NobjID=12026001
2025007,「手」護抹茶山，步道永續行,山林開放社會服務發展,宜蘭縣,宜蘭縣 礁溪鄉,2026/01/01 起 至2026/12/31 止,中華電信股份有限公司宜蘭營運處,4,social,https://esg.forest.gov.tw/ForestESG/Report/Showcase?NobjID=2025007
2024061,在風的最前線，守護麥仔寮,造林,雲林縣,雲林縣 麥寮鄉,2025/09/10 起 至2044/12/31 止,台塑石化股份有限公司,2待查;3;4,carbon;nature;social,https://esg.forest.gov.tw/ForestESG/Report/Showcase?NobjID=2024061
2024029,Babo Rinisan 森企盎然,造林,臺中市,臺中市 東勢區,2026/03/01 起 至2031/11/30 止,財團法人日月光環保永續基金會,2待查;3;4,carbon;nature;social,https://esg.forest.gov.tw/ForestESG/Report/Showcase?NobjID=2024029
2024047,三生有虎，友善共好,野生物保育,苗栗縣,苗栗縣 通霄鎮,2025/07/01 起 至2027/06/30 止,信邦電子股份有限公司,3;4,nature;social,https://esg.forest.gov.tw/ForestESG/Report/Showcase?NobjID=2024047
2024043,石虎好朋友,野生物保育,苗栗縣,苗栗縣 苗栗市,2025/05/15 起 至2025/12/31 止,中華電信股份有限公司苗栗營運處,3;4,nature;social,https://esg.forest.gov.tw/ForestESG/Report/Showcase?NobjID=2024043
2023012,保護地質瑰寶,棲地營造,苗栗縣,苗栗縣 三義鄉/苗栗縣 苑裡鎮,2024/11/19 起 至2025/12/31 止,裕隆汽車製造股份有限公司,3;4,nature;social,https://esg.forest.gov.tw/ForestESG/Report/Showcase?NobjID=2023012
2023001,【松羅蘭馨 綠林再造】,造林,宜蘭縣,宜蘭縣 大同鄉,2025/01/01 起 至2044/12/31 止,冠德建設股份有限公司,2待查;3;4,carbon;nature;social,https://esg.forest.gov.tw/ForestESG/Report/Showcase?NobjID=2023001
2023013,峰峰相連漾綠意、共造綠色生活圈,造林,臺東縣,臺東縣 金峰鄉,2024/09/20 起 至2044/09/19 止,信義房屋股份有限公司,2待查;3;4,carbon;nature;social,https://esg.forest.gov.tw/ForestESG/Report/Showcase?NobjID=2023013
2023165,活化森林、永續湖山,造林,雲林縣,雲林縣 斗六市,2024/09/01 起 至2044/10/30 止,誌懋股份有限公司,2待查;3;4,carbon;nature;social,https://esg.forest.gov.tw/ForestESG/Report/Showcase?NobjID=2023165
2024021,再現蝶影,野生物保育,新竹縣,新竹縣 五峰鄉,2024/12/01 起 至2025/12/31 止,新唐科技股份有限公司,3;4,nature;social,https://esg.forest.gov.tw/ForestESG/Report/Showcase?NobjID=2024021
2023002,竹構未來,竹林經營,桃園市,桃園市 復興區,2024/09/30 起 至2028/12/31 止,中華電信股份有限公司,2待查;3;4,carbon;nature;social,https://esg.forest.gov.tw/ForestESG/Report/Showcase?NobjID=2023002
2023072,攜手種樹守護臺灣爺蟬的家,造林,嘉義縣,嘉義縣 番路鄉,2024/12/16 起 至2044/12/16 止,根基營造股份有限公司,2待查;3;4,carbon;nature;social,https://esg.forest.gov.tw/ForestESG/Report/Showcase?NobjID=2023072
2023149,手作步道維護山林環境,環境友善產業發展,南投縣,南投縣 埔里鎮/南投縣 魚池鄉,2024/08/01 起 至2026/07/31 止,財團法人中租青年展望基金會,3;4,nature;social,https://esg.forest.gov.tw/ForestESG/Report/Showcase?NobjID=2023149
113008,大雪山中海拔穿山甲棲地改善及維護計畫,棲地營造,,大雪山林道14K-16K及周邊國有林(含社區),2024/08/26 起 至2027/08/25 止,華碩電腦股份有限公司,3;4,nature;social,https://esg.forest.gov.tw/ForestESG/Report/Showcase?NobjID=113008
113011,竹迎蝠氣，城市人與自然共融,棲地營造,新竹市,新竹市/新竹縣 竹北市,2024/07/21 起 至2024/12/20 止,智邦科技,3;4,nature;social,https://esg.forest.gov.tw/ForestESG/Report/Showcase?NobjID=113011
113012,光曜台灣：友善光環境計畫—馬祖雌光螢保育行動,棲地營造,連江縣,連江縣 北竿鄉,2024/02/20 起 至2024/12/21 止,光林智能科技股份有限公司,3;4,nature;social,https://esg.forest.gov.tw/ForestESG/Report/Showcase?NobjID=113012
113025,智慧山海‧手護未來,山林開放社會服務發展,無特定所在位置,此專案無限定之所在位置,2024/11/11 起 至2028/12/31 止,財團法人東元科技文教基金會,4,social,https://esg.forest.gov.tw/ForestESG/Report/Showcase?NobjID=113025
114001,光曜台灣：友善光環境計畫—大雪山與八仙山國家森林遊樂區生物多樣性維護,棲地營造,臺中市,臺中市 和平區,2025/06/01 起 至2025/11/30 止,光林智能科技股份有限公司,3;4,nature;social,https://esg.forest.gov.tw/ForestESG/Report/Showcase?NobjID=114001
114002,河岸紅林 蜜徑共生,環境友善產業發展,無特定所在位置,此專案無限定之所在位置,2026/01/01 起 至2026/09/30 止,樺漢科技股份有限公司,3;4,nature;social,https://esg.forest.gov.tw/ForestESG/Report/Showcase?NobjID=114002
114007,偏鄉學童自然環境教育體驗計畫,生物多樣性-其他,新竹縣,新竹縣 新埔鎮/新竹縣 橫山鄉/新竹縣 關西鎮,2025/01/01 起 至2025/12/31 止,聯詠科技股份有限公司,3;4,nature;social,https://esg.forest.gov.tw/ForestESG/Report/Showcase?NobjID=114007
114008,森鄰共生,生物多樣性-其他,新北市,新北市 石碇區/新北市 汐止區,2025/06/01 起 至2026/05/31 止,宏碁股份有限公司,3;4,nature;social,https://esg.forest.gov.tw/ForestESG/Report/Showcase?NobjID=114008
22025002,蜂返家 • 護山林 • 守未來-八煙聚落生物多樣性暨食農教育計畫,生物多樣性-其他,新北市,新北市 金山區,2025/10/30 起 至2028/12/31 止,康舒科技股份有限公司,3;4,nature;social,https://esg.forest.gov.tw/ForestESG/Report/Showcase?NobjID=22025002
22025004,異葉石龍尾重返美濃湖水雉棲地,生物多樣性-其他,高雄市,高雄市 美濃區,2026/01/01 起 至2026/12/31 止,興勤電子工業股份有限公司,3;4,nature;social,https://esg.forest.gov.tw/ForestESG/Report/Showcase?NobjID=22025004
22025007,與蝶同行─臺灣寬尾鳳蝶保育行,野生物保育,宜蘭縣,宜蘭縣 大同鄉,2026/01/01 起 至2026/12/31 止,威健實業股份有限公司,3;4,nature;social,https://esg.forest.gov.tw/ForestESG/Report/Showcase?NobjID=22025007
22025009,美濃九芎林保安林永續共學—守護生物多樣性,生物多樣性-其他,高雄市,高雄市 美濃區,2026/01/01 起 至2026/12/31 止,財團法人中租青年展望基金會,3;4,nature;social,https://esg.forest.gov.tw/ForestESG/Report/Showcase?NobjID=22025009
22025011,Brew for Biodiversity,野生物保育,臺中市,臺中市 東勢區,2025/09/01 起 至2026/12/31 止,龍昇釀造股份有限公司,3;4,nature;social,https://esg.forest.gov.tw/ForestESG/Report/Showcase?NobjID=22025011
22026004,光復復甦｜花蓮山林修復與在地循環,生物多樣性-其他,花蓮縣,花蓮縣 光復鄉/花蓮縣 萬榮鄉,2026/05/01 起 至2028/12/31 止,國泰人壽保險股份有限公司,3;4,nature;social,https://esg.forest.gov.tw/ForestESG/Report/Showcase?NobjID=22026004
22026005,里山里海的棲地守護,棲地營造,新北市,新北市 石門區,2026/04/01 起 至2026/12/31 止,第一商業銀行股份有限公司,3;4,nature;social,https://esg.forest.gov.tw/ForestESG/Report/Showcase?NobjID=22026005
22026006,守護億隻鴞-友善農業與猛禽棲地共存行動計畫,棲地營造,屏東縣,屏東縣 三地門鄉/屏東縣 牡丹鄉/屏東縣 車城鄉/屏東縣 高樹鄉,2026/01/01 起 至2026/12/31 止,遠雄人壽保險事業股份有限公司,3;4,nature;social,https://esg.forest.gov.tw/ForestESG/Report/Showcase?NobjID=22026006
22026007,海龍保安林紫斑蝶保育先驅行動,棲地營造,苗栗縣,苗栗縣 竹南鎮,2026/05/30 起 至2026/12/31 止,裕鼎股份有限公司,3;4,nature;social,https://esg.forest.gov.tw/ForestESG/Report/Showcase?NobjID=22026007
22026009,濕地新芽_原生水生植物復育計畫,棲地營造,桃園市,桃園市 楊梅區,2026/04/01 起 至2026/12/31 止,朋億股份有限公司,3;4,nature;social,https://esg.forest.gov.tw/ForestESG/Report/Showcase?NobjID=22026009
22026010,給大地一個永恆的許諾,野生物保育,新北市,新北市 石門區,2026/03/01 起 至2026/12/31 止,兆豐證券股份有限公司,3;4,nature;social,https://esg.forest.gov.tw/ForestESG/Report/Showcase?NobjID=22026010
22026019,三芝水梯田濕地生態復育計畫-阿石伯睡蓮田棲地營造及維護,生物多樣性-其他,新北市,新北市 三芝區,2026/09/01 起 至2026/12/31 止,財團法人新北市光聖文教基金會,3;4,nature;social,https://esg.forest.gov.tw/ForestESG/Report/Showcase?NobjID=22026019
