towncode,county,town,n_tiles,n_pixels,area_ha,cover_gt0_pct,cover_ge2_pct,mean_gt0_m,p90_gt0_m,mean_ge2_m
10008080,南投縣,中寮鄉,1,121245877,14453.96,82.55,77.44,7.599,16,8.034
10008130,南投縣,仁愛鄉,1,1029694682,122518.53,88.09,86.85,15.435,24,15.641
10008120,南投縣,信義鄉,1,1195140684,143024.99,87.22,85.59,15.36,24,15.632
10008010,南投縣,南投市,1,60570793,7219.0,46.97,43.53,6.609,13,7.053
10008060,南投縣,名間鄉,1,66747352,7963.83,32.55,29.01,6.807,14,7.515
10008100,南投縣,國姓鄉,1,173875280,20687.76,81.65,77.1,8.169,16,8.592
10008020,南投縣,埔里鎮,1,144469524,17203.03,63.67,61.89,11.117,18,11.408
10008110,南投縣,水里鄉,1,93990783,11223.83,77.08,74.81,11.923,21,12.253
10008040,南投縣,竹山鎮,1,217239476,25980.57,69.78,67.57,11.983,21,12.343
10008030,南投縣,草屯鎮,1,87714213,10444.06,42.86,39.43,6.708,15,7.205
10008050,南投縣,集集鎮,1,33445097,3991.31,69.3,66.4,9.671,17,10.05
10008090,南投縣,魚池鄉,1,104485077,12461.65,77.64,76.11,11.561,19,11.773
10008070,南投縣,鹿谷鄉,1,120100068,14354.52,80.93,78.97,12.4,21,12.683
10020010,嘉義市,東區,1,24992123,2998.8,45.74,40.62,8.444,18,9.381
10020020,嘉義市,西區,1,25012012,3001.27,17.93,14.11,5.415,12,6.613
10010130,嘉義縣,中埔鄉,1,108851985,13076.42,74.21,70.48,8.982,17,9.404
10010080,嘉義縣,六腳鄉,1,52197361,6260.42,7.99,6.38,4.607,10,5.517
10010170,嘉義縣,大埔鄉,1,145517361,17511.52,81.56,79.95,11.128,18,11.332
10010040,嘉義縣,大林鎮,1,54191638,6490.84,31.78,28.41,7.037,15,7.753
10010010,嘉義縣,太保市,1,55628872,6675.76,9.65,7.58,4.897,11,5.964
10010030,嘉義縣,布袋鎮,1,65365568,7855.84,2.87,2.38,5.644,13,6.608
10010070,嘉義縣,新港鄉,1,55474970,6649.92,6.67,4.69,3.862,9,5.068
10010020,嘉義縣,朴子市,1,41808001,5019.22,7.01,5.51,4.453,9,5.392
10010090,嘉義縣,東石鄉,1,68619553,8235.26,13.35,12.1,6.121,11,6.649
10010150,嘉義縣,梅山鄉,1,100160028,12004.69,78.85,75.42,9.952,19,10.36
10010050,嘉義縣,民雄鄉,1,71145834,8528.85,23.2,20.14,7.236,15,8.184
10010120,嘉義縣,水上鄉,1,58610451,7038.23,27.55,24.46,8.537,18,9.488
10010060,嘉義縣,溪口鄉,1,27189330,3256.89,6.06,4.65,4.369,9,5.387
10010160,嘉義縣,番路鄉,1,94013657,11289.86,79.79,76.89,10.792,20,11.16
10010140,嘉義縣,竹崎鄉,1,131358027,15756.28,81.32,77.3,8.764,17,9.168
10010100,嘉義縣,義竹鄉,1,65308143,7852.4,3.22,2.54,4.226,9,5.089
10010180,嘉義縣,阿里山鄉,1,391703693,47029.36,85.8,84.16,15.303,25,15.583
10010110,嘉義縣,鹿草鄉,1,45612583,5479.12,5.42,4.23,4.853,11,5.94
10017020,基隆市,七堵區,1,48159034,5632.21,81.96,80.43,8.293,13,8.431
10017050,基隆市,中山區,1,9339105,1091.49,43.71,40.64,5.866,10,6.234
10017010,基隆市,中正區,1,11813650,1379.89,33.29,31.27,6.349,11,6.696
10017040,基隆市,仁愛區,1,3912339,457.47,58.72,55.3,6.078,10,6.392
10017070,基隆市,信義區,1,9103288,1064.35,61.16,58.92,7.769,13,8.026
10017060,基隆市,安樂區,1,15944552,1863.74,70.24,67.92,6.992,11,7.197
10017030,基隆市,暖暖區,1,19570128,2289.8,84.51,83.28,8.682,13,8.796
10002100,宜蘭縣,三星鄉,1,74945803,8827.87,30.94,29.53,9.504,17,9.909
10002090,宜蘭縣,五結鄉,1,34365091,4046.48,8.28,6.83,4.035,8,4.676
10002080,宜蘭縣,冬山鄉,1,64037806,7546.11,34.69,32.58,8.633,15,9.127
10002120,宜蘭縣,南澳鄉,1,602732809,71252.93,89.69,88.67,14.032,22,14.183
10002070,宜蘭縣,員山鄉,1,120832048,14215.86,67.96,66.66,12.526,20,12.751
10002060,宜蘭縣,壯圍鄉,1,33683890,3962.27,6.18,5.32,4.863,10,5.492
10002110,宜蘭縣,大同鄉,1,649736631,76683.09,87.26,86.22,13.534,21,13.685
10002010,宜蘭縣,宜蘭市,1,25982165,3056.39,8.59,7.04,4.678,10,5.487
10002050,宜蘭縣,礁溪鄉,1,85682518,10069.25,60.4,59.02,11.557,19,11.804
10002020,宜蘭縣,羅東鎮,1,9616654,1132.54,8.97,7.33,5.106,11,6.023
10002030,宜蘭縣,蘇澳鎮,1,76237929,8996.07,60.59,58.77,9.718,17,9.988
10002040,宜蘭縣,頭城鎮,2,58900706,6906.5,69.15,67.4,8.391,14,8.583
10013260,屏東縣,三地門鄉,1,154107045,18680.79,86.34,83.44,7.986,14,8.228
10013080,屏東縣,九如鄉,1,35697377,4331.42,15.9,12.29,3.602,7,4.366
10013210,屏東縣,佳冬鄉,1,26614720,3243.58,36.47,31.7,3.324,5,3.674
10013300,屏東縣,來義鄉,1,133940536,16306.44,79.6,75.18,7.039,13,7.394
10013130,屏東縣,內埔鄉,1,63812113,7751.88,45.32,38.45,3.692,7,4.174
10013200,屏東縣,南州鄉,1,15507681,1888.56,36.94,29.49,3.132,6,3.67
10013010,屏東縣,屏東市,1,54641183,6636.49,18.11,15.65,5.081,10,5.724
10013180,屏東縣,崁頂鄉,1,20898417,2543.75,19.23,16.62,4.23,8,4.738
10013040,屏東縣,恆春鎮,1,115031083,14108.09,51.04,47.12,5.577,11,5.958
10013170,屏東縣,新園鄉,1,37483975,4562.49,6.82,5.38,3.659,7,4.369
10013150,屏東縣,新埤鄉,1,46837373,5703.38,35.06,28.59,3.396,6,3.938
10013310,屏東縣,春日鄉,1,128213392,15631.17,79.46,74.35,7.19,13,7.615
10013030,屏東縣,東港鎮,1,25426325,3097.3,7.21,5.41,3.264,6,4.02
10013160,屏東縣,枋寮鄉,1,49682195,6057.13,22.79,15.94,2.95,6,3.787
10013250,屏東縣,枋山鄉,1,14873303,1816.85,19.57,11.45,2.459,5,3.495
10013190,屏東縣,林邊鄉,1,14083052,1716.05,22.65,18.25,3.409,7,3.99
10013290,屏東縣,泰武鄉,1,102589414,12471.08,85.18,81.54,8.891,17,9.243
10013240,屏東縣,滿州鄉,1,119747732,14673.15,80.32,78.59,9.03,14,9.206
10013020,屏東縣,潮州鎮,1,35117704,4273.21,33.94,28.45,3.678,7,4.195
10013330,屏東縣,牡丹鄉,1,142556964,17441.77,92.33,91.46,10.131,15,10.218
10013320,屏東縣,獅子鄉,1,257590520,31468.78,86.75,82.84,8.363,15,8.71
10013220,屏東縣,琉球鄉,1,4576683,558.48,35.54,28.18,3.61,8,4.292
10013280,屏東縣,瑪家鄉,1,51032860,6197.66,88.51,84.86,7.108,13,7.37
10013140,屏東縣,竹田鄉,1,24494610,2978.27,38.89,32.96,3.283,5,3.694
10013050,屏東縣,萬丹鄉,1,48988881,5956.62,8.92,7.03,3.662,7,4.376
10013120,屏東縣,萬巒鄉,1,50277408,6113.81,46.64,38.32,3.406,6,3.929
10013230,屏東縣,車城鄉,1,48646239,5958.28,55.6,50.36,5.125,10,5.555
10013090,屏東縣,里港鄉,1,57780896,7004.11,16.67,13.24,3.719,7,4.422
10013060,屏東縣,長治鄉,1,37901361,4601.34,38.97,33.7,4.382,9,4.911
10013270,屏東縣,霧臺鄉,1,252423270,30615.67,80.57,78.73,10.893,17,11.124
10013110,屏東縣,高樹鄉,1,78120846,9468.1,23.21,17.72,3.515,7,4.293
10013100,屏東縣,鹽埔鄉,1,49005171,5945.2,25.54,19.73,3.464,7,4.19
10013070,屏東縣,麟洛鄉,1,11499113,1396.96,49.04,43.8,4.357,8,4.759
10007200,彰化縣,二林鎮,1,77705660,9261.98,10.05,7.54,4.13,9,5.169
10007180,彰化縣,二水鄉,1,29453840,3516.5,40.79,37.8,9.251,17,9.904
10007050,彰化縣,伸港鄉,1,39787535,4723.65,3.7,3.15,4.937,9,5.635
10007190,彰化縣,北斗鎮,1,16634457,1984.2,12.5,9.21,3.613,8,4.544
10007030,彰化縣,和美鎮,1,32279488,3835.69,6.93,5.78,4.742,9,5.486
10007100,彰化縣,員林市,1,32921844,3921.61,34.46,32.43,8.383,16,8.844
10007150,彰化縣,埔心鄉,1,17683366,2106.54,8.19,6.13,3.33,7,4.111
10007140,彰化縣,埔鹽鄉,1,32958023,3923.75,5.6,4.21,3.924,8,4.884
10007220,彰化縣,埤頭鄉,1,35787937,4267.91,12.19,9.53,4.706,10,5.741
10007240,彰化縣,大城鄉,1,80251812,9573.87,2.14,1.68,4.248,8,5.137
10007130,彰化縣,大村鄉,1,25442760,3029.03,19.58,18.05,6.932,14,7.437
10007010,彰化縣,彰化市,1,55559430,6605.95,30.33,27.87,6.506,12,6.994
10007160,彰化縣,永靖鄉,1,17056846,2032.89,11.09,8.22,3.124,6,3.866
10007260,彰化縣,溪州鄉,1,58293296,6957.71,9.84,7.36,4.058,9,5.088
10007110,彰化縣,溪湖鎮,1,26168981,3117.45,11.54,8.76,4.311,9,5.36
10007120,彰化縣,田中鎮,1,28917877,3449.95,29.83,26.83,8.129,16,8.926
10007210,彰化縣,田尾鄉,1,20818290,2482.0,16.4,11.6,3.239,7,4.167
10007170,彰化縣,社頭鄉,1,30265450,3608.04,38.74,35.7,6.957,14,7.465
10007060,彰化縣,福興鄉,1,48843384,5811.25,1.82,1.3,3.117,6,3.97
10007070,彰化縣,秀水鄉,1,24555834,2921.61,4.28,3.35,3.925,8,4.741
10007250,彰化縣,竹塘鄉,1,35272012,4208.45,6.56,4.6,4.209,10,5.579
10007040,彰化縣,線西鄉,1,26129982,3103.8,2.25,1.82,3.617,7,4.222
10007090,彰化縣,芬園鄉,1,32193114,3831.84,49.42,46.4,6.342,13,6.689
10007080,彰化縣,花壇鄉,1,30361345,3612.47,41.67,38.31,6.855,13,7.368
10007230,彰化縣,芳苑鄉,1,122446921,14585.41,3.43,2.66,3.827,8,4.644
10007020,彰化縣,鹿港鎮,1,69640318,8279.02,2.28,1.75,3.86,8,4.732
65000090,新北市,三峽區,1,140866532,16535.46,90.08,88.69,11.44,18,11.603
65000210,新北市,三芝區,1,58084756,6779.4,66.62,63.69,10.225,18,10.65
65000020,新北市,三重區,1,15430983,1806.03,5.57,4.49,4.751,9,5.654
65000030,新北市,中和區,1,16654329,1951.5,33.25,31.2,9.267,16,9.811
65000150,新北市,五股區,1,29474739,3447.83,53.75,50.54,8.722,16,9.211
65000230,新北市,八里區,1,34156192,3992.71,52.15,48.89,8.874,17,9.397
65000130,新北市,土城區,1,25650729,3006.97,56.82,54.36,10.321,17,10.743
65000200,新北市,坪林區,1,143543944,16841.88,90.62,89.71,13.323,21,13.449
65000240,新北市,平溪區,1,60824255,7123.12,91.75,90.35,9.55,14,9.682
65000060,新北市,新店區,1,103677880,12160.6,75.65,73.88,10.039,16,10.256
65000050,新北市,新莊區,1,17741145,2077.33,22.31,19.83,8.236,16,9.141
65000010,新北市,板橋區,1,18247713,2137.49,10.83,8.63,4.903,10,5.899
65000170,新北市,林口區,1,45528968,5325.42,53.08,50.55,9.176,16,9.585
65000070,新北市,樹林區,1,27352945,3205.71,41.17,38.66,9.258,16,9.795
65000040,新北市,永和區,1,5280148,618.54,7.4,6.02,5.033,10,5.96
65000110,新北市,汐止區,1,61327385,7176.5,74.27,72.43,9.536,15,9.753
65000160,新北市,泰山區,1,15516725,1816.29,57.16,55.58,12.323,19,12.646
65000100,新北市,淡水區,1,62854665,7341.25,50.7,46.93,8.617,17,9.228
65000180,新北市,深坑區,1,17954008,2103.56,79.29,76.7,9.402,16,9.686
65000290,新北市,烏來區,1,282478116,33208.71,97.18,96.77,15.691,23,15.753
65000120,新北市,瑞芳區,1,61341889,7175.26,76.52,73.56,8.235,13,8.527
65000190,新北市,石碇區,1,121233894,14215.91,88.11,87.18,13.066,20,13.195
65000220,新北市,石門區,1,45624719,5322.18,73.87,71.83,10.401,17,10.669
65000280,新北市,萬里區,1,54649356,6384.31,80.6,78.42,9.467,15,9.703
65000140,新北市,蘆洲區,1,6624771,775.03,7.97,6.22,4.195,9,5.092
65000260,新北市,貢寮區,1,86371547,10115.04,82.6,80.69,8.819,14,9.003
65000270,新北市,金山區,1,41063286,4793.87,68.75,66.46,9.756,16,10.057
65000250,新北市,雙溪區,1,123432775,14462.07,93.04,91.98,9.949,15,10.052
65000080,新北市,鶯歌區,1,18711223,2193.75,43.75,40.91,8.759,15,9.298
10018020,新竹市,北區,1,20158994,2368.51,13.73,11.82,5.393,11,6.1
10018010,新竹市,東區,1,29295206,3443.89,35.49,32.63,9.119,17,9.831
10018030,新竹市,香山區,1,56871820,6687.78,34.29,32.28,9.104,16,9.607
10004130,新竹縣,五峰鄉,1,178376732,21041.17,91.27,89.93,13.395,22,13.581
10004090,新竹縣,北埔鄉,1,45554672,5365.51,83.99,81.76,14.229,24,14.591
10004100,新竹縣,寶山鄉,1,54862053,6455.03,69.42,66.18,9.896,17,10.331
10004120,新竹縣,尖石鄉,1,443677131,52321.69,93.44,92.41,15.074,24,15.232
10004110,新竹縣,峨眉鄉,1,39687738,4674.04,79.19,76.1,11.761,21,12.199
10004030,新竹縣,新埔鎮,1,61683402,7245.42,63.8,60.45,9.049,16,9.495
10004060,新竹縣,新豐鄉,1,42614997,5000.27,17.95,16.08,6.443,13,7.074
10004080,新竹縣,橫山鄉,1,55109266,6487.15,73.09,70.35,9.847,17,10.191
10004050,新竹縣,湖口鄉,1,49445860,5803.82,31.2,28.67,8.046,15,8.669
10004010,新竹縣,竹北市,1,43059902,5058.11,18.21,15.8,6.334,13,7.145
10004020,新竹縣,竹東鎮,1,45646896,5371.31,51.52,48.76,11.171,21,11.747
10004070,新竹縣,芎林鄉,1,34102916,4010.67,65.67,62.26,9.464,16,9.927
10004040,新竹縣,關西鎮,1,106973020,12576.6,77.77,75.3,9.761,16,10.048
68000020,桃園市,中壢區,1,62215503,7291.52,14.08,11.77,4.806,9,5.554
68000080,桃園市,八德區,1,28951095,3394.68,16.0,13.73,5.835,12,6.632
68000060,桃園市,大園區,1,77087122,9021.93,12.11,10.38,5.011,10,5.679
68000030,桃園市,大溪區,1,89924641,10558.13,55.59,53.47,11.472,21,11.887
68000100,桃園市,平鎮區,1,35814029,4201.33,19.94,17.3,5.838,11,6.574
68000130,桃園市,復興區,1,287329186,33810.97,91.57,90.44,13.698,23,13.856
68000110,桃園市,新屋區,1,74413289,8722.11,11.27,9.41,4.597,9,5.309
68000010,桃園市,桃園區,1,29469168,3452.57,18.59,16.26,7.054,14,7.923
68000040,桃園市,楊梅區,1,66426356,7792.83,26.33,23.7,6.381,12,6.978
68000050,桃園市,蘆竹區,1,64215572,7516.0,30.01,28.09,9.416,17,9.994
68000120,桃園市,觀音區,1,79384996,9296.56,16.61,14.51,5.328,10,5.952
68000090,桃園市,龍潭區,1,64721703,7601.16,44.11,41.09,7.297,13,7.761
68000070,桃園市,龜山區,1,60555947,7091.91,55.83,53.62,9.91,16,10.277
10016060,澎湖縣,七美鄉,1,6198827,746.86,21.15,14.77,2.053,3,2.507
10016050,澎湖縣,望安鄉,1,12999574,1563.09,11.45,8.32,2.493,4,3.054
10016020,澎湖縣,湖西鄉,1,29016618,3476.59,24.23,19.56,3.574,7,4.188
10016030,澎湖縣,白沙鄉,1,19028337,2276.46,29.01,23.34,2.913,5,3.377
10016040,澎湖縣,西嶼鄉,1,15848873,1898.1,13.14,8.29,2.528,5,3.421
10016010,澎湖縣,馬公市,1,22671399,2717.69,17.93,14.33,3.601,7,4.256
66000010,臺中市,中區,1,776013,92.17,2.92,2.09,3.498,7,4.486
66000050,臺中市,北區,1,6385218,758.21,10.63,8.98,5.765,11,6.642
66000080,臺中市,北屯區,1,52193879,6195.25,45.08,42.34,8.336,16,8.812
66000030,臺中市,南區,1,6687529,794.57,12.35,10.87,6.301,11,7.023
66000070,臺中市,南屯區,1,25713952,3054.2,22.44,20.3,6.19,11,6.739
66000150,臺中市,后里區,1,48502773,5745.77,22.69,20.66,8.603,17,9.352
66000290,臺中市,和平區,1,853716194,101187.23,86.82,85.45,14.635,23,14.853
66000210,臺中市,外埔區,1,35704428,4227.91,15.54,14.09,6.755,13,7.348
66000220,臺中市,大安區,1,30149430,3568.49,2.72,1.99,2.97,6,3.688
66000110,臺中市,大甲區,1,50382839,5962.04,6.34,5.14,4.419,9,5.217
66000240,臺中市,大肚區,1,32377665,3845.49,29.3,27.22,7.131,12,7.598
66000280,臺中市,大里區,1,24554067,2918.51,10.41,9.0,5.022,10,5.653
66000180,臺中市,大雅區,1,27795180,3296.98,15.42,13.56,5.441,10,6.05
66000270,臺中市,太平區,1,101912776,12109.84,74.58,71.08,8.037,16,8.384
66000190,臺中市,新社區,1,69455269,8244.93,53.04,49.66,8.362,16,8.863
66000100,臺中市,東勢區,1,91326049,10828.97,46.93,43.19,8.64,17,9.303
66000020,臺中市,東區,1,5702044,677.31,7.44,6.33,5.915,12,6.78
66000140,臺中市,梧棲區,1,27934609,3312.32,4.17,3.38,3.926,7,4.607
66000130,臺中市,沙鹿區,1,34064559,4040.17,23.94,21.41,5.45,10,5.977
66000120,臺中市,清水區,1,68088706,8068.01,13.4,11.95,5.443,10,5.982
66000170,臺中市,潭子區,1,21877815,2595.69,24.43,21.59,7.755,16,8.644
66000230,臺中市,烏日區,1,35623806,4235.05,11.65,10.12,5.566,11,6.253
66000200,臺中市,石岡區,1,15092153,1789.12,38.19,34.37,7.839,16,8.599
66000160,臺中市,神岡區,1,30879697,3660.62,15.77,13.75,5.007,10,5.596
66000040,臺中市,西區,1,5369282,637.72,13.51,11.42,5.461,10,6.276
66000060,臺中市,西屯區,1,33802121,4012.27,17.65,15.54,5.679,10,6.314
66000090,臺中市,豐原區,1,35252520,4180.03,34.91,31.72,9.407,18,10.253
66000260,臺中市,霧峰區,1,81252529,9665.63,55.11,51.32,7.717,16,8.214
66000250,臺中市,龍井區,1,43962226,5216.72,9.33,7.82,4.962,10,5.723
63000040,臺北市,中山區,1,12047834,1409.91,24.61,22.52,7.14,13,7.709
63000050,臺北市,中正區,1,6372404,746.19,19.99,17.77,6.684,12,7.393
63000020,臺北市,信義區,1,9651928,1130.25,43.79,41.5,10.01,17,10.507
63000100,臺北市,內湖區,1,27426007,3208.83,59.32,57.58,8.967,14,9.208
63000120,臺北市,北投區,1,49543173,5790.43,56.53,53.96,9.471,17,9.873
63000090,臺北市,南港區,1,18828595,2204.66,61.81,59.55,9.144,16,9.452
63000110,臺北市,士林區,1,53272360,6228.59,64.02,61.6,9.836,17,10.183
63000060,臺北市,大同區,1,4108004,480.79,10.67,9.1,5.751,11,6.567
63000030,臺北市,大安區,1,9718374,1138.1,27.52,25.14,8.145,15,8.822
63000080,臺北市,文山區,1,26781732,3138.32,58.02,54.67,9.038,16,9.531
63000010,臺北市,松山區,1,7429435,869.58,10.07,8.56,5.826,11,6.677
63000070,臺北市,萬華區,1,6403777,749.91,12.89,10.76,5.485,11,6.374
67000150,臺南市,七股區,1,118716547,14321.74,3.15,2.46,3.55,7,4.266
67000080,臺南市,下營區,1,27964990,3368.2,6.92,5.08,3.395,7,4.264
67000370,臺南市,中西區,1,5296980,640.23,10.17,8.31,5.501,11,6.507
67000270,臺南市,仁德區,1,41881301,5066.12,14.37,12.39,6.238,13,7.073
67000120,臺南市,佳里區,1,32593529,3929.44,8.4,6.44,3.79,8,4.635
67000090,臺南市,六甲區,1,55725358,6712.14,50.92,48.63,10.241,18,10.677
67000340,臺南市,北區,1,8175985,987.99,12.72,10.74,6.186,12,7.143
67000170,臺南市,北門區,1,54407414,6548.36,2.29,1.77,4.285,9,5.246
67000250,臺南市,南化區,1,142537263,17197.45,81.83,78.35,8.75,16,9.094
67000330,臺南市,南區,1,23224335,2808.71,14.55,12.42,5.487,11,6.255
67000190,臺南市,善化區,1,44463783,5362.64,10.22,8.27,4.483,9,5.304
67000110,臺南市,大內區,1,59214208,7141.17,67.64,63.43,8.55,17,9.051
67000130,臺南市,學甲區,1,45466561,5474.41,5.11,3.93,3.717,7,4.532
67000350,臺南市,安南區,1,97347517,11756.82,9.09,7.53,5.093,11,5.938
67000210,臺南市,安定區,1,26525875,3201.14,7.28,5.72,3.836,8,4.608
67000360,臺南市,安平區,1,9486354,1146.68,19.64,17.73,7.135,13,7.798
67000100,臺南市,官田區,1,60256247,7261.83,34.4,31.75,8.597,17,9.23
67000160,臺南市,將軍區,1,39842371,4800.38,4.03,3.26,4.529,9,5.368
67000220,臺南市,山上區,1,23005008,2776.36,46.86,42.34,6.444,13,7.025
67000260,臺南市,左鎮區,1,60539239,7313.88,74.53,70.21,7.452,14,7.849
67000050,臺南市,後壁區,1,60518939,7274.78,8.57,7.09,5.35,11,6.259
67000180,臺南市,新化區,1,51518070,6223.28,44.09,40.94,7.627,15,8.137
67000200,臺南市,新市區,1,41916415,5059.72,11.49,9.42,4.435,9,5.19
67000010,臺南市,新營區,1,32233710,3878.24,10.99,8.82,4.679,10,5.583
67000320,臺南市,東區,1,10716916,1295.58,14.36,12.13,6.425,13,7.425
67000060,臺南市,東山區,1,103474320,12453.97,67.7,63.76,8.308,16,8.758
67000040,臺南市,柳營區,1,51370406,6183.72,27.93,25.4,8.518,17,9.268
67000240,臺南市,楠西區,1,90760515,10940.05,78.55,74.11,8.075,16,8.498
67000280,臺南市,歸仁區,1,45647175,5521.21,26.08,23.01,5.117,10,5.665
67000310,臺南市,永康區,1,33553139,4053.55,10.31,8.35,4.893,10,5.809
67000230,臺南市,玉井區,1,62451229,7534.92,71.71,65.59,7.073,15,7.64
67000030,臺南市,白河區,1,107104546,12876.75,60.85,58.01,9.634,17,10.057
67000140,臺南市,西港區,1,27924294,3368.64,6.21,4.74,3.598,7,4.405
67000290,臺南市,關廟區,1,44475180,5378.74,45.24,41.45,6.132,12,6.602
67000020,臺南市,鹽水區,1,43067237,5181.96,6.16,4.93,4.627,10,5.527
67000070,臺南市,麻豆區,1,45752944,5514.65,19.86,14.63,2.878,5,3.548
67000300,臺南市,龍崎區,1,51775624,6261.73,81.83,78.6,7.682,14,7.956
10014040,臺東縣,卑南鄉,1,352696399,42774.37,83.71,81.55,12.088,19,12.382
10014100,臺東縣,大武鄉,1,51982406,6339.38,84.18,83.01,9.797,16,9.922
10014090,臺東縣,太麻里鄉,1,85120525,10349.44,67.19,64.17,9.153,16,9.536
10014130,臺東縣,延平鄉,1,399048654,48297.48,89.2,88.23,14.272,21,14.418
10014020,臺東縣,成功鎮,1,110225101,13296.69,79.1,77.55,11.49,18,11.7
10014070,臺東縣,東河鄉,1,179648715,21718.67,85.44,83.62,11.416,19,11.643
10014060,臺東縣,池上鄉,1,65954877,7960.29,57.11,54.84,9.225,18,9.567
10014120,臺東縣,海端鄉,1,740235432,89311.5,90.04,88.99,15.915,24,16.09
10014110,臺東縣,綠島鄉,1,11788449,1431.88,67.71,63.04,6.305,12,6.698
10014010,臺東縣,臺東市,1,93615249,11355.7,19.52,15.35,4.133,8,4.986
10014160,臺東縣,蘭嶼鄉,1,38658477,4737.28,75.33,72.2,10.367,17,10.773
10014150,臺東縣,達仁鄉,1,264559785,32262.95,89.51,88.73,11.775,17,11.869
10014140,臺東縣,金峰鄉,1,320255332,38943.93,80.27,78.71,13.14,19,13.38
10014080,臺東縣,長濱鄉,1,114657623,13788.34,79.79,78.29,10.559,16,10.742
10014030,臺東縣,關山鎮,1,50190474,6062.57,34.51,33.0,9.491,18,9.881
10014050,臺東縣,鹿野鄉,1,66254663,8013.18,49.61,46.05,7.88,15,8.413
10015070,花蓮縣,光復鄉,1,111347371,13327.03,68.33,65.99,9.82,17,10.133
10015130,花蓮縣,卓溪鄉,1,870751155,104625.48,92.85,91.92,15.519,23,15.666
10015050,花蓮縣,吉安鄉,1,52355837,6236.66,30.72,28.7,8.278,16,8.793
10015060,花蓮縣,壽豐鄉,1,174452147,20816.45,60.66,58.78,9.504,16,9.775
10015100,花蓮縣,富里鄉,1,140914028,16980.89,69.45,67.66,10.388,17,10.636
10015040,花蓮縣,新城鄉,1,23992162,2853.5,24.1,22.05,6.765,12,7.301
10015030,花蓮縣,玉里鎮,1,174090879,20923.85,58.65,57.0,11.468,20,11.772
10015090,花蓮縣,瑞穗鄉,1,129424713,15521.58,69.34,66.81,9.394,17,9.712
10015110,花蓮縣,秀林鄉,1,1363014393,161938.31,89.7,88.56,14.553,22,14.729
10015010,花蓮縣,花蓮市,1,25729655,3062.99,22.18,19.79,6.39,12,7.041
10015120,花蓮縣,萬榮鄉,1,549587711,65699.01,90.16,88.82,14.127,22,14.325
10015080,花蓮縣,豐濱鄉,1,133910035,16042.47,86.41,85.11,10.996,17,11.149
10015020,花蓮縣,鳳林鎮,1,100167231,11971.2,39.81,37.65,8.123,15,8.532
10005160,苗栗縣,三灣鄉,1,46197068,5444.32,74.71,72.28,10.191,17,10.501
10005130,苗栗縣,三義鄉,1,57490164,6802.78,75.22,73.52,11.958,19,12.211
10005090,苗栗縣,公館鄉,1,60975946,7201.34,69.19,67.87,12.821,21,13.051
10005070,苗栗縣,卓蘭鎮,1,65660289,7776.37,54.23,51.67,10.751,19,11.236
10005110,苗栗縣,南庄鄉,1,137895736,16269.17,89.38,88.15,13.978,21,14.158
10005080,苗栗縣,大湖鄉,1,77232469,9137.02,71.89,69.84,9.315,17,9.559
10005060,苗栗縣,後龍鎮,1,73187534,8627.75,26.04,23.57,5.939,11,6.458
10005180,苗栗縣,泰安鄉,1,512007444,60548.81,90.14,89.04,15.048,24,15.222
10005170,苗栗縣,獅潭鄉,1,67543770,7974.81,91.65,90.63,11.497,19,11.615
10005040,苗栗縣,竹南鎮,1,35514663,4181.17,22.13,19.86,6.483,13,7.108
10005020,苗栗縣,苑裡鎮,1,59090734,6988.8,35.25,33.49,9.713,17,10.17
10005010,苗栗縣,苗栗市,1,32057743,3782.36,40.05,37.85,8.522,14,8.96
10005140,苗栗縣,西湖鄉,1,34785202,4105.63,62.49,60.12,9.709,16,10.052
10005030,苗栗縣,通霄鎮,1,96764924,11431.06,52.9,49.92,8.353,16,8.792
10005150,苗栗縣,造橋鄉,1,41181112,4854.06,67.81,65.72,9.951,16,10.236
10005100,苗栗縣,銅鑼鄉,1,66345016,7841.24,65.02,63.52,10.487,17,10.711
10005050,苗栗縣,頭份市,1,45138912,5316.19,43.67,40.85,8.774,16,9.311
10005120,苗栗縣,頭屋鄉,1,43916681,5180.76,83.79,82.55,11.398,18,11.553
09007020,連江縣,北竿鄉,1,8140050,934.17,48.55,44.12,6.658,13,7.226
09007010,連江縣,南竿鄉,1,9060850,1041.27,61.45,57.83,7.015,12,7.391
09007040,連江縣,東引鄉,1,4011008,459.27,9.45,7.65,3.411,6,3.978
09007030,連江縣,莒光鄉,1,4235175,488.26,38.08,30.72,4.44,10,5.264
09020050,金門縣,烈嶼鄉,1,17998208,2128.07,33.75,31.75,5.984,10,6.299
09020060,金門縣,烏坵鄉,1,1965791,230.36,3.23,2.86,5.656,10,6.265
09020010,金門縣,金城鎮,1,19105869,2259.64,34.28,30.44,4.626,9,5.083
09020040,金門縣,金寧鄉,1,36107379,4267.41,27.52,24.98,5.137,9,5.558
09020020,金門縣,金沙鎮,1,46070309,5442.22,28.56,25.18,4.09,8,4.504
09020030,金門縣,金湖鎮,1,35676776,4217.45,39.94,35.68,4.455,8,4.868
10009110,雲林縣,二崙鄉,1,51129593,6105.94,5.85,4.89,5.273,11,6.113
10009170,雲林縣,元長鄉,1,60569894,7249.98,4.41,3.58,4.408,9,5.197
10009060,雲林縣,北港鎮,1,34917993,4182.75,7.2,5.62,4.356,9,5.297
10009190,雲林縣,口湖鄉,1,82974595,9945.13,2.25,1.69,3.245,6,3.993
10009070,雲林縣,古坑鄉,1,139392317,16689.03,65.76,61.26,8.969,18,9.555
10009180,雲林縣,四湖鄉,1,77878724,9321.23,5.69,4.79,5.208,11,6.001
10009050,雲林縣,土庫鎮,1,40391283,4831.08,5.45,4.39,4.232,8,5.01
10009080,雲林縣,大埤鄉,1,37186337,4450.84,3.71,2.85,3.796,8,4.635
10009120,雲林縣,崙背鄉,1,48048362,5739.21,8.82,7.75,5.121,10,5.687
10009010,雲林縣,斗六市,1,77114739,9221.28,26.97,23.66,8.312,19,9.336
10009020,雲林縣,斗南鎮,1,40548834,4851.44,12.13,9.94,3.704,7,4.299
10009140,雲林縣,東勢鄉,1,39023227,4667.09,6.48,5.15,3.981,7,4.753
10009100,雲林縣,林內鄉,1,43828955,5237.05,41.74,39.59,11.221,20,11.775
10009200,雲林縣,水林鄉,1,61036156,7314.8,4.88,3.89,3.991,8,4.754
10009160,雲林縣,臺西鄉,1,58353167,6976.71,4.85,3.89,3.944,8,4.665
10009090,雲林縣,莿桐鄉,1,48052496,5740.48,3.99,2.98,3.49,7,4.328
10009030,雲林縣,虎尾鎮,1,56581011,6764.84,8.06,6.54,4.905,10,5.811
10009150,雲林縣,褒忠鄉,1,29956940,3581.68,4.85,3.98,4.668,9,5.469
10009040,雲林縣,西螺鎮,1,42097303,5028.31,5.03,4.04,4.176,8,4.95
10009130,雲林縣,麥寮鄉,1,104600151,12491.67,9.9,8.93,6.855,13,7.489
64000050,高雄市,三民區,1,14039636,1705.57,12.67,10.82,5.858,11,6.69
64000170,高雄市,仁武區,1,31291636,3798.53,34.27,31.45,6.421,12,6.908
64000350,高雄市,內門區,1,78755107,9524.37,77.62,74.22,8.159,15,8.487
64000320,高雄市,六龜區,1,149725106,18093.26,74.28,71.27,8.721,16,9.048
64000070,高雄市,前金區,1,1624491,197.41,13.39,11.74,5.719,10,6.381
64000090,高雄市,前鎮區,1,17529205,2131.27,7.58,6.37,5.017,9,5.785
64000140,高雄市,大寮區,1,57503453,6991.44,12.62,10.66,4.616,9,5.281
64000150,高雄市,大樹區,1,55865457,6780.61,47.82,43.9,6.391,13,6.873
64000160,高雄市,大社區,1,20988649,2546.4,44.86,40.0,6.454,12,7.117
64000110,高雄市,小港區,1,43973429,5349.89,13.81,11.96,5.075,10,5.703
64000190,高雄市,岡山區,1,41066538,4977.54,21.24,18.52,5.321,10,5.955
64000030,高雄市,左營區,1,18725547,2273.66,21.14,18.47,6.38,12,7.158
64000280,高雄市,彌陀區,1,12200976,1479.4,9.04,7.62,4.555,9,5.216
64000060,高雄市,新興區,1,2094289,254.49,7.99,6.76,5.283,10,6.068
64000300,高雄市,旗山區,1,78472774,9503.06,57.9,53.74,6.882,13,7.337
64000100,高雄市,旗津區,1,4724495,578.8,2.76,2.31,4.701,9,5.437
64000340,高雄市,杉林區,1,86192422,10417.59,75.92,73.01,9.046,16,9.367
64000130,高雄市,林園區,1,27301614,3323.63,14.96,12.63,4.337,8,4.953
64000370,高雄市,桃源區,1,760395040,91593.79,82.16,80.42,14.46,24,14.75
64000290,高雄市,梓官區,1,9808405,1189.84,10.54,8.23,3.937,8,4.76
64000040,高雄市,楠梓區,1,23459264,2846.94,21.32,18.45,6.16,12,6.963
64000200,高雄市,橋頭區,1,20182980,2448.2,18.69,16.15,5.818,11,6.578
64000270,高雄市,永安區,1,22001698,2666.1,5.83,4.62,3.946,8,4.72
64000250,高雄市,湖內區,1,18047841,2184.69,7.96,6.77,5.195,10,5.932
64000210,高雄市,燕巢區,1,56572036,6858.66,50.36,44.83,6.459,12,7.132
64000220,高雄市,田寮區,1,74871257,9067.06,72.85,68.68,6.864,13,7.22
64000330,高雄市,甲仙區,1,103172880,12447.78,79.81,77.29,11.45,20,11.79
64000310,高雄市,美濃區,1,98397670,11909.81,50.8,48.25,7.539,14,7.884
64000080,高雄市,苓雅區,1,6926217,841.74,13.08,11.31,6.061,11,6.854
64000360,高雄市,茂林區,1,200458063,24255.83,83.58,81.96,10.794,17,10.987
64000260,高雄市,茄萣區,1,14148216,1712.92,6.58,5.47,4.706,9,5.459
64000240,高雄市,路竹區,1,41978689,5084.2,11.17,8.89,4.134,8,4.94
64000380,高雄市,那瑪夏區,1,143833689,17315.45,83.09,81.33,15.245,26,15.552
64000230,高雄市,阿蓮區,1,28970933,3508.11,27.68,23.04,5.266,11,6.124
64000180,高雄市,鳥松區,1,20431734,2481.63,36.25,32.97,6.244,12,6.766
64000120,高雄市,鳳山區,1,23057377,2802.53,17.14,14.9,5.725,11,6.436
64000010,高雄市,鹽埕區,1,1368747,166.34,9.59,8.39,5.424,10,6.052
64000020,高雄市,鼓山區,1,18291804,2222.19,55.56,54.18,8.861,14,9.062
